,sentence,questions,answers,removed,phrases
0,"In the case current file handle represents an object of type NFS4DIR, NFS4ERR _ISDIR is returned.",['What current file handle represents an object of type NFS4DIR?'],"['<np>the case current file handle represents an object of type NFS4DIR<np> <vp>is returned<vp>', '<np>type NFS4DIR<np> <vp>represents an object of type NFS4DIR<vp>', '<np>type NFS4DIR<np> <vp>is returned<vp>']","['<np>the case current file handle represents an object of type NFS4DIR<np> <vp>represents an object of type NFS4DIR<vp>', '<np>the case current file handle represents an object of type NFS4DIR<np> <vp>returned<vp>', '<np>the case<np> <vp>represents an object of type NFS4DIR<vp>', '<np>the case<np> <vp>is returned<vp>', '<np>the case<np> <vp>returned<vp>', '<np>current file handle<np> <vp>represents an object of type NFS4DIR<vp>', '<np>current file handle<np> <vp>is returned<vp>', '<np>current file handle<np> <vp>returned<vp>', '<np>an object of type NFS4DIR<np> <vp>represents an object of type NFS4DIR<vp>', '<np>an object of type NFS4DIR<np> <vp>is returned<vp>', '<np>an object of type NFS4DIR<np> <vp>returned<vp>', '<np>an object<np> <vp>represents an object of type NFS4DIR<vp>', '<np>an object<np> <vp>is returned<vp>', '<np>an object<np> <vp>returned<vp>', '<np>type NFS4DIR<np> <vp>returned<vp>', '<np>NFS4ERR _ISDIR<np> <vp>represents an object of type NFS4DIR<vp>', '<np>NFS4ERR _ISDIR<np> <vp>is returned<vp>', '<np>NFS4ERR _ISDIR<np> <vp>returned<vp>']","{'PP': [In the case current file handle represents an object of type NFS4DIR, of type NFS4DIR], 'NP': [the case current file handle represents an object of type NFS4DIR, the case, current file handle, an object of type NFS4DIR, an object, type NFS4DIR, NFS4ERR _ISDIR], 'SBAR': [current file handle represents an object of type NFS4DIR], 'VP': [represents an object of type NFS4DIR, is returned, returned]}"
1,"If the file does not exist at the server and creation is desired, specification of the method of creation is provided by the openhow parameter.",['What If the file does not exist at the server and creation is desired?'],"['<np>creation<np> <vp>exist at the server<vp>', '<np>specification of the method of creation<np> <vp>exist at the server<vp>', '<np>specification of the method of creation<np> <vp>is provided by the openhow parameter<vp>', '<np>the method<np> <vp>does not exist at the server<vp>', '<np>creation<np> <vp>desired<vp>', '<np>creation<np> <vp>is provided by the openhow parameter<vp>', '<np>the openhow parameter<np> <vp>is desired<vp>', '<np>the openhow parameter<np> <vp>provided by the openhow parameter<vp>']","['<np>the file<np> <vp>does not exist at the server<vp>', '<np>the file<np> <vp>exist at the server<vp>', '<np>the file<np> <vp>is desired<vp>', '<np>the file<np> <vp>desired<vp>', '<np>the file<np> <vp>is provided by the openhow parameter<vp>', '<np>the file<np> <vp>provided by the openhow parameter<vp>', '<np>the server<np> <vp>does not exist at the server<vp>', '<np>the server<np> <vp>exist at the server<vp>', '<np>the server<np> <vp>is desired<vp>', '<np>the server<np> <vp>desired<vp>', '<np>the server<np> <vp>is provided by the openhow parameter<vp>', '<np>the server<np> <vp>provided by the openhow parameter<vp>', '<np>creation<np> <vp>does not exist at the server<vp>', '<np>creation<np> <vp>is desired<vp>', '<np>creation<np> <vp>provided by the openhow parameter<vp>', '<np>specification of the method of creation<np> <vp>does not exist at the server<vp>', '<np>specification of the method of creation<np> <vp>is desired<vp>', '<np>specification of the method of creation<np> <vp>desired<vp>', '<np>specification of the method of creation<np> <vp>provided by the openhow parameter<vp>', '<np>specification<np> <vp>does not exist at the server<vp>', '<np>specification<np> <vp>exist at the server<vp>', '<np>specification<np> <vp>is desired<vp>', '<np>specification<np> <vp>desired<vp>', '<np>specification<np> <vp>is provided by the openhow parameter<vp>', '<np>specification<np> <vp>provided by the openhow parameter<vp>', '<np>the method of creation<np> <vp>does not exist at the server<vp>', '<np>the method of creation<np> <vp>exist at the server<vp>', '<np>the method of creation<np> <vp>is desired<vp>', '<np>the method of creation<np> <vp>desired<vp>', '<np>the method of creation<np> <vp>is provided by the openhow parameter<vp>', '<np>the method of creation<np> <vp>provided by the openhow parameter<vp>', '<np>the method<np> <vp>exist at the server<vp>', '<np>the method<np> <vp>is desired<vp>', '<np>the method<np> <vp>desired<vp>', '<np>the method<np> <vp>is provided by the openhow parameter<vp>', '<np>the method<np> <vp>provided by the openhow parameter<vp>', '<np>creation<np> <vp>does not exist at the server<vp>', '<np>creation<np> <vp>is desired<vp>', '<np>creation<np> <vp>provided by the openhow parameter<vp>', '<np>the openhow parameter<np> <vp>does not exist at the server<vp>', '<np>the openhow parameter<np> <vp>exist at the server<vp>', '<np>the openhow parameter<np> <vp>desired<vp>', '<np>the openhow parameter<np> <vp>is provided by the openhow parameter<vp>']","{'SBAR': [If the file does not exist at the server and creation is desired], 'S': [the file does not exist at the server and creation is desired, the file does not exist at the server, creation is desired], 'NP': [the file, the server, creation, specification of the method of creation, specification, the method of creation, the method, creation, the openhow parameter], 'VP': [does not exist at the server, exist at the server, is desired, desired, is provided by the openhow parameter, provided by the openhow parameter], 'PP': [at the server, of the method of creation, of creation, by the openhow parameter]}"
2,"The client has the choice of three creation methods: UNCHECKED4, GUARDED4, or EXCLUSIVE4",[],[],[],"{'NP': [The client, the choice of three creation methods: UNCHECKED4, GUARDED4, or EXCLUSIVE4, the choice, three creation methods: UNCHECKED4, GUARDED4, or EXCLUSIVE4, three creation methods, UNCHECKED4, GUARDED4, or EXCLUSIVE4, UNCHECKED4, GUARDED4, EXCLUSIVE4], 'VP': [has the choice of three creation methods: UNCHECKED4, GUARDED4, or EXCLUSIVE4], 'PP': [of three creation methods: UNCHECKED4, GUARDED4, or EXCLUSIVE4]}"
3,"If the current filehandle is a named attribute directory, OPEN will then create or open a named attribute file.","['What If the current filehandle is a named attribute directory?', 'What then']","['<np>OPEN<np> <vp>create or open a named attribute file<vp>', '<np>a named attribute file<np> <vp>is a named attribute directory<vp>', '<np>a named attribute file<np> <vp>will then create or open a named attribute file<vp>']","['<np>the current filehandle<np> <vp>is a named attribute directory<vp>', '<np>the current filehandle<np> <vp>will then create or open a named attribute file<vp>', '<np>the current filehandle<np> <vp>create or open a named attribute file<vp>', '<np>a named attribute directory<np> <vp>is a named attribute directory<vp>', '<np>a named attribute directory<np> <vp>will then create or open a named attribute file<vp>', '<np>a named attribute directory<np> <vp>create or open a named attribute file<vp>', '<np>OPEN<np> <vp>is a named attribute directory<vp>', '<np>OPEN<np> <vp>will then create or open a named attribute file<vp>', '<np>a named attribute file<np> <vp>create or open a named attribute file<vp>']","{'SBAR': [If the current filehandle is a named attribute directory], 'S': [the current filehandle is a named attribute directory], 'NP': [the current filehandle, a named attribute directory, OPEN, a named attribute file], 'VP': [is a named attribute directory, will then create or open a named attribute file, create or open a named attribute file], 'ADVP': [then]}"
4,"For this type of create, createattrs specifies the initial set of attributes for the file.",[],[],[],"{'PP': [For this type of create, of create, of attributes, for the file], 'NP': [this type of create, this type, create, createattrs, the initial set of attributes for the file, the initial set, attributes, the file], 'VP': [specifies the initial set of attributes for the file]}"
5,The set of attributes may include any writable attribute valid for regular files.,[],[],[],"{'NP': [The set of attributes, The set, attributes, any writable attribute valid for regular files, any writable attribute, regular files], 'PP': [of attributes, for regular files], 'VP': [may include any writable attribute valid for regular files, include any writable attribute valid for regular files], 'ADJP': [valid for regular files]}"
6,"When an UNCHECKED create encounters an existing file, the attributes specified by createattrs are not used, except that when a size of zero is specified, the existing file is truncated","['What When an UNCHECKED create encounters an existing file?', 'What except that when a size of zero is specified, the existing file is truncated?', 'What that when a size of zero is specified, the existing file is truncated?', 'What when a size of zero is specified?']","['<np>an UNCHECKED create<np> <vp>specified<vp>', '<np>an UNCHECKED create<np> <vp>truncated<vp>', '<np>an existing file<np> <vp>used, except that when a size of zero is specified, the existing file is truncated<vp>', '<np>the attributes specified by createattrs<np> <vp>specified<vp>', '<np>the attributes specified by createattrs<np> <vp>is truncated<vp>', '<np>the attributes<np> <vp>specified by createattrs<vp>', '<np>the attributes<np> <vp>is specified<vp>', '<np>createattrs<np> <vp>encounters an existing file<vp>', '<np>createattrs<np> <vp>used, except that when a size of zero is specified, the existing file is truncated<vp>', '<np>createattrs<np> <vp>is specified<vp>', '<np>a size<np> <vp>are not used, except that when a size of zero is specified, the existing file is truncated<vp>', '<np>a size<np> <vp>is specified<vp>', '<np>a size<np> <vp>is truncated<vp>', '<np>zero<np> <vp>specified<vp>', '<np>the existing file<np> <vp>specified by createattrs<vp>', '<np>the existing file<np> <vp>are not used, except that when a size of zero is specified, the existing file is truncated<vp>', '<np>the existing file<np> <vp>is specified<vp>', '<np>an existing file<np> <vp>encounters an existing file<vp>', '<np>the attributes specified by createattrs<np> <vp>encounters an existing file<vp>', '<np>the attributes specified by createattrs<np> <vp>specified by createattrs<vp>', '<np>a size of zero<np> <vp>is truncated<vp>', '<np>a size<np> <vp>used, except that when a size of zero is specified, the existing file is truncated<vp>', '<np>zero<np> <vp>truncated<vp>', '<np>an UNCHECKED create<np> <vp>encounters an existing file<vp>', '<np>an UNCHECKED create<np> <vp>specified by createattrs<vp>', '<np>an UNCHECKED create<np> <vp>are not used, except that when a size of zero is specified, the existing file is truncated<vp>', '<np>the attributes specified by createattrs<np> <vp>are not used, except that when a size of zero is specified, the existing file is truncated<vp>', '<np>the attributes<np> <vp>are not used, except that when a size of zero is specified, the existing file is truncated<vp>', '<np>the attributes<np> <vp>truncated<vp>', '<np>createattrs<np> <vp>is truncated<vp>', '<np>an existing file<np> <vp>is truncated<vp>', '<np>the attributes<np> <vp>encounters an existing file<vp>', '<np>createattrs<np> <vp>specified by createattrs<vp>', '<np>a size of zero<np> <vp>specified<vp>', '<np>a size<np> <vp>encounters an existing file<vp>', '<np>a size<np> <vp>specified by createattrs<vp>']","['<np>an UNCHECKED create<np> <vp>used, except that when a size of zero is specified, the existing file is truncated<vp>', '<np>an UNCHECKED create<np> <vp>is specified<vp>', '<np>an UNCHECKED create<np> <vp>is truncated<vp>', '<np>an existing file<np> <vp>specified by createattrs<vp>', '<np>an existing file<np> <vp>are not used, except that when a size of zero is specified, the existing file is truncated<vp>', '<np>an existing file<np> <vp>is specified<vp>', '<np>an existing file<np> <vp>specified<vp>', '<np>an existing file<np> <vp>truncated<vp>', '<np>the attributes specified by createattrs<np> <vp>used, except that when a size of zero is specified, the existing file is truncated<vp>', '<np>the attributes specified by createattrs<np> <vp>is specified<vp>', '<np>the attributes specified by createattrs<np> <vp>truncated<vp>', '<np>the attributes<np> <vp>used, except that when a size of zero is specified, the existing file is truncated<vp>', '<np>the attributes<np> <vp>specified<vp>', '<np>the attributes<np> <vp>is truncated<vp>', '<np>createattrs<np> <vp>are not used, except that when a size of zero is specified, the existing file is truncated<vp>', '<np>createattrs<np> <vp>specified<vp>', '<np>createattrs<np> <vp>truncated<vp>', '<np>a size of zero<np> <vp>encounters an existing file<vp>', '<np>a size of zero<np> <vp>specified by createattrs<vp>', '<np>a size of zero<np> <vp>are not used, except that when a size of zero is specified, the existing file is truncated<vp>', '<np>a size of zero<np> <vp>used, except that when a size of zero is specified, the existing file is truncated<vp>', '<np>a size of zero<np> <vp>is specified<vp>', '<np>a size of zero<np> <vp>truncated<vp>', '<np>a size<np> <vp>specified<vp>', '<np>a size<np> <vp>truncated<vp>', '<np>zero<np> <vp>encounters an existing file<vp>', '<np>zero<np> <vp>specified by createattrs<vp>', '<np>zero<np> <vp>are not used, except that when a size of zero is specified, the existing file is truncated<vp>', '<np>zero<np> <vp>used, except that when a size of zero is specified, the existing file is truncated<vp>', '<np>zero<np> <vp>is specified<vp>', '<np>zero<np> <vp>is truncated<vp>', '<np>the existing file<np> <vp>encounters an existing file<vp>', '<np>the existing file<np> <vp>used, except that when a size of zero is specified, the existing file is truncated<vp>', '<np>the existing file<np> <vp>specified<vp>', '<np>the existing file<np> <vp>is truncated<vp>', '<np>the existing file<np> <vp>truncated<vp>', '<np>an UNCHECKED create<np> <vp>used, except that when a size of zero is specified, the existing file is truncated<vp>', '<np>an UNCHECKED create<np> <vp>is specified<vp>', '<np>an UNCHECKED create<np> <vp>is truncated<vp>', '<np>an existing file<np> <vp>specified by createattrs<vp>', '<np>an existing file<np> <vp>are not used, except that when a size of zero is specified, the existing file is truncated<vp>', '<np>an existing file<np> <vp>is specified<vp>', '<np>an existing file<np> <vp>specified<vp>', '<np>an existing file<np> <vp>truncated<vp>', '<np>the attributes specified by createattrs<np> <vp>used, except that when a size of zero is specified, the existing file is truncated<vp>', '<np>the attributes specified by createattrs<np> <vp>is specified<vp>', '<np>the attributes specified by createattrs<np> <vp>truncated<vp>', '<np>the attributes<np> <vp>used, except that when a size of zero is specified, the existing file is truncated<vp>', '<np>the attributes<np> <vp>specified<vp>', '<np>the attributes<np> <vp>is truncated<vp>', '<np>createattrs<np> <vp>are not used, except that when a size of zero is specified, the existing file is truncated<vp>', '<np>createattrs<np> <vp>specified<vp>', '<np>createattrs<np> <vp>truncated<vp>', '<np>a size of zero<np> <vp>encounters an existing file<vp>', '<np>a size of zero<np> <vp>specified by createattrs<vp>', '<np>a size of zero<np> <vp>are not used, except that when a size of zero is specified, the existing file is truncated<vp>', '<np>a size of zero<np> <vp>used, except that when a size of zero is specified, the existing file is truncated<vp>', '<np>a size of zero<np> <vp>is specified<vp>', '<np>a size of zero<np> <vp>truncated<vp>', '<np>a size<np> <vp>specified<vp>', '<np>a size<np> <vp>truncated<vp>', '<np>zero<np> <vp>encounters an existing file<vp>', '<np>zero<np> <vp>specified by createattrs<vp>', '<np>zero<np> <vp>are not used, except that when a size of zero is specified, the existing file is truncated<vp>', '<np>zero<np> <vp>used, except that when a size of zero is specified, the existing file is truncated<vp>', '<np>zero<np> <vp>is specified<vp>', '<np>zero<np> <vp>is truncated<vp>', '<np>the existing file<np> <vp>encounters an existing file<vp>', '<np>the existing file<np> <vp>used, except that when a size of zero is specified, the existing file is truncated<vp>', '<np>the existing file<np> <vp>specified<vp>', '<np>the existing file<np> <vp>is truncated<vp>', '<np>the existing file<np> <vp>truncated<vp>', '<np>an UNCHECKED create<np> <vp>used, except that when a size of zero is specified, the existing file is truncated<vp>', '<np>an UNCHECKED create<np> <vp>is specified<vp>', '<np>an UNCHECKED create<np> <vp>is truncated<vp>', '<np>an existing file<np> <vp>specified by createattrs<vp>', '<np>an existing file<np> <vp>are not used, except that when a size of zero is specified, the existing file is truncated<vp>', '<np>an existing file<np> <vp>is specified<vp>', '<np>an existing file<np> <vp>specified<vp>', '<np>an existing file<np> <vp>truncated<vp>', '<np>the attributes specified by createattrs<np> <vp>used, except that when a size of zero is specified, the existing file is truncated<vp>', '<np>the attributes specified by createattrs<np> <vp>is specified<vp>', '<np>the attributes specified by createattrs<np> <vp>truncated<vp>', '<np>the attributes<np> <vp>used, except that when a size of zero is specified, the existing file is truncated<vp>', '<np>the attributes<np> <vp>specified<vp>', '<np>the attributes<np> <vp>is truncated<vp>', '<np>createattrs<np> <vp>are not used, except that when a size of zero is specified, the existing file is truncated<vp>', '<np>createattrs<np> <vp>specified<vp>', '<np>createattrs<np> <vp>truncated<vp>', '<np>a size of zero<np> <vp>encounters an existing file<vp>', '<np>a size of zero<np> <vp>specified by createattrs<vp>', '<np>a size of zero<np> <vp>are not used, except that when a size of zero is specified, the existing file is truncated<vp>', '<np>a size of zero<np> <vp>used, except that when a size of zero is specified, the existing file is truncated<vp>', '<np>a size of zero<np> <vp>is specified<vp>', '<np>a size of zero<np> <vp>truncated<vp>', '<np>a size<np> <vp>specified<vp>', '<np>a size<np> <vp>truncated<vp>', '<np>zero<np> <vp>encounters an existing file<vp>', '<np>zero<np> <vp>specified by createattrs<vp>', '<np>zero<np> <vp>are not used, except that when a size of zero is specified, the existing file is truncated<vp>', '<np>zero<np> <vp>used, except that when a size of zero is specified, the existing file is truncated<vp>', '<np>zero<np> <vp>is specified<vp>', '<np>zero<np> <vp>is truncated<vp>', '<np>the existing file<np> <vp>encounters an existing file<vp>', '<np>the existing file<np> <vp>used, except that when a size of zero is specified, the existing file is truncated<vp>', '<np>the existing file<np> <vp>specified<vp>', '<np>the existing file<np> <vp>is truncated<vp>', '<np>the existing file<np> <vp>truncated<vp>', '<np>an UNCHECKED create<np> <vp>used, except that when a size of zero is specified, the existing file is truncated<vp>', '<np>an UNCHECKED create<np> <vp>is specified<vp>', '<np>an UNCHECKED create<np> <vp>is truncated<vp>', '<np>an existing file<np> <vp>specified by createattrs<vp>', '<np>an existing file<np> <vp>are not used, except that when a size of zero is specified, the existing file is truncated<vp>', '<np>an existing file<np> <vp>is specified<vp>', '<np>an existing file<np> <vp>specified<vp>', '<np>an existing file<np> <vp>truncated<vp>', '<np>the attributes specified by createattrs<np> <vp>used, except that when a size of zero is specified, the existing file is truncated<vp>', '<np>the attributes specified by createattrs<np> <vp>is specified<vp>', '<np>the attributes specified by createattrs<np> <vp>truncated<vp>', '<np>the attributes<np> <vp>used, except that when a size of zero is specified, the existing file is truncated<vp>', '<np>the attributes<np> <vp>specified<vp>', '<np>the attributes<np> <vp>is truncated<vp>', '<np>createattrs<np> <vp>are not used, except that when a size of zero is specified, the existing file is truncated<vp>', '<np>createattrs<np> <vp>specified<vp>', '<np>createattrs<np> <vp>truncated<vp>', '<np>a size of zero<np> <vp>encounters an existing file<vp>', '<np>a size of zero<np> <vp>specified by createattrs<vp>', '<np>a size of zero<np> <vp>are not used, except that when a size of zero is specified, the existing file is truncated<vp>', '<np>a size of zero<np> <vp>used, except that when a size of zero is specified, the existing file is truncated<vp>', '<np>a size of zero<np> <vp>is specified<vp>', '<np>a size of zero<np> <vp>truncated<vp>', '<np>a size<np> <vp>specified<vp>', '<np>a size<np> <vp>truncated<vp>', '<np>zero<np> <vp>encounters an existing file<vp>', '<np>zero<np> <vp>specified by createattrs<vp>', '<np>zero<np> <vp>are not used, except that when a size of zero is specified, the existing file is truncated<vp>', '<np>zero<np> <vp>used, except that when a size of zero is specified, the existing file is truncated<vp>', '<np>zero<np> <vp>is specified<vp>', '<np>zero<np> <vp>is truncated<vp>', '<np>the existing file<np> <vp>encounters an existing file<vp>', '<np>the existing file<np> <vp>used, except that when a size of zero is specified, the existing file is truncated<vp>', '<np>the existing file<np> <vp>specified<vp>', '<np>the existing file<np> <vp>is truncated<vp>', '<np>the existing file<np> <vp>truncated<vp>']","{'SBAR': [When an UNCHECKED create encounters an existing file, except that when a size of zero is specified, the existing file is truncated, that when a size of zero is specified, the existing file is truncated, when a size of zero is specified], 'WHADVP': [When, when], 'S': [an UNCHECKED create encounters an existing file, when a size of zero is specified, the existing file is truncated, a size of zero is specified], 'NP': [an UNCHECKED create, an existing file, the attributes specified by createattrs, the attributes, createattrs, a size of zero, a size, zero, the existing file], 'VP': [encounters an existing file, specified by createattrs, are not used, except that when a size of zero is specified, the existing file is truncated, used, except that when a size of zero is specified, the existing file is truncated, is specified, specified, is truncated, truncated], 'PP': [by createattrs, of zero]}"
7,"If GUARDED4 is specified, the server checks for the presence of a duplicate object by name before perfoming the create.",['What If GUARDED4 is specified?'],"['<np>the presence of a duplicate object<np> <vp>is specified<vp>', '<np>the create<np> <vp>specified<vp>', '<np>the create<np> <vp>checks for the presence of a duplicate object by name before perfoming the create<vp>']","['<np>GUARDED4<np> <vp>is specified<vp>', '<np>GUARDED4<np> <vp>specified<vp>', '<np>GUARDED4<np> <vp>checks for the presence of a duplicate object by name before perfoming the create<vp>', '<np>the server<np> <vp>is specified<vp>', '<np>the server<np> <vp>specified<vp>', '<np>the server<np> <vp>checks for the presence of a duplicate object by name before perfoming the create<vp>', '<np>the presence of a duplicate object<np> <vp>specified<vp>', '<np>the presence of a duplicate object<np> <vp>checks for the presence of a duplicate object by name before perfoming the create<vp>', '<np>the presence<np> <vp>is specified<vp>', '<np>the presence<np> <vp>specified<vp>', '<np>the presence<np> <vp>checks for the presence of a duplicate object by name before perfoming the create<vp>', '<np>a duplicate object<np> <vp>is specified<vp>', '<np>a duplicate object<np> <vp>specified<vp>', '<np>a duplicate object<np> <vp>checks for the presence of a duplicate object by name before perfoming the create<vp>', '<np>name<np> <vp>is specified<vp>', '<np>name<np> <vp>specified<vp>', '<np>name<np> <vp>checks for the presence of a duplicate object by name before perfoming the create<vp>', '<np>the create<np> <vp>is specified<vp>']","{'SBAR': [If GUARDED4 is specified], 'S': [GUARDED4 is specified, perfoming the create], 'NP': [GUARDED4, the server, the presence of a duplicate object, the presence, a duplicate object, name, the create], 'VP': [is specified, specified, checks for the presence of a duplicate object by name before perfoming the create], 'PP': [for the presence of a duplicate object, of a duplicate object, by name, before perfoming the create]}"
8,"If a duplicate exists, an error of NFS4ERR_EXIST is returned as the status.",['What If a duplicate exists?'],"['<np>the status<np> <vp>exists<vp>', '<np>a duplicate<np> <vp>returned as the status<vp>', '<np>an error of NFS4ERR_EXIST<np> <vp>returned as the status<vp>', '<np>an error of NFS4ERR_EXIST<np> <vp>exists<vp>', '<np>NFS4ERR_EXIST<np> <vp>returned as the status<vp>']","['<np>a duplicate<np> <vp>exists<vp>', '<np>a duplicate<np> <vp>is returned as the status<vp>', '<np>an error of NFS4ERR_EXIST<np> <vp>is returned as the status<vp>', '<np>an error<np> <vp>exists<vp>', '<np>an error<np> <vp>is returned as the status<vp>', '<np>an error<np> <vp>returned as the status<vp>', '<np>NFS4ERR_EXIST<np> <vp>exists<vp>', '<np>NFS4ERR_EXIST<np> <vp>is returned as the status<vp>', '<np>the status<np> <vp>is returned as the status<vp>', '<np>the status<np> <vp>returned as the status<vp>']","{'SBAR': [If a duplicate exists], 'S': [a duplicate exists], 'NP': [a duplicate, an error of NFS4ERR_EXIST, an error, NFS4ERR_EXIST, the status], 'VP': [exists, is returned as the status, returned as the status], 'PP': [of NFS4ERR_EXIST, as the status]}"
9,"If the object does not exist, the server creates the object and stores the verifier with the object.",['What If the object does not exist?'],"['<np>the object<np> <vp>does not exist<vp>', '<np>the object<np> <vp>creates the object and stores the verifier with the object<vp>', '<np>the object<np> <vp>creates the object<vp>', '<np>the object<np> <vp>exist<vp>', '<np>the object<np> <vp>stores the verifier with the object<vp>']","['<np>the server<np> <vp>does not exist<vp>', '<np>the server<np> <vp>exist<vp>', '<np>the server<np> <vp>creates the object and stores the verifier with the object<vp>', '<np>the server<np> <vp>creates the object<vp>', '<np>the server<np> <vp>stores the verifier with the object<vp>', '<np>the verifier<np> <vp>does not exist<vp>', '<np>the verifier<np> <vp>exist<vp>', '<np>the verifier<np> <vp>creates the object and stores the verifier with the object<vp>', '<np>the verifier<np> <vp>creates the object<vp>', '<np>the verifier<np> <vp>stores the verifier with the object<vp>']","{'SBAR': [If the object does not exist], 'S': [the object does not exist], 'NP': [the object, the server, the object, the verifier, the object], 'VP': [does not exist, exist, creates the object and stores the verifier with the object, creates the object, stores the verifier with the object], 'PP': [with the object]}"
10,"If the object does not exist and the stored verifier matches the verifier provided by the client, the server uses the existing object as the newly created object.",['What If the object does not exist and the stored verifier matches the verifier provided by the client?'],"['<np>the object<np> <vp>does not exist<vp>', '<np>the object<np> <vp>exist<vp>', '<np>the object<np> <vp>provided by the client<vp>', '<np>the verifier provided by the client<np> <vp>does not exist<vp>', '<np>the verifier<np> <vp>matches the verifier provided by the client<vp>', '<np>the verifier<np> <vp>uses the existing object as the newly created object<vp>']","['<np>the object<np> <vp>matches the verifier provided by the client<vp>', '<np>the object<np> <vp>uses the existing object as the newly created object<vp>', '<np>the stored verifier<np> <vp>does not exist<vp>', '<np>the stored verifier<np> <vp>exist<vp>', '<np>the stored verifier<np> <vp>matches the verifier provided by the client<vp>', '<np>the stored verifier<np> <vp>provided by the client<vp>', '<np>the stored verifier<np> <vp>uses the existing object as the newly created object<vp>', '<np>the verifier provided by the client<np> <vp>exist<vp>', '<np>the verifier provided by the client<np> <vp>matches the verifier provided by the client<vp>', '<np>the verifier provided by the client<np> <vp>provided by the client<vp>', '<np>the verifier provided by the client<np> <vp>uses the existing object as the newly created object<vp>', '<np>the verifier<np> <vp>does not exist<vp>', '<np>the verifier<np> <vp>exist<vp>', '<np>the verifier<np> <vp>provided by the client<vp>', '<np>the client<np> <vp>does not exist<vp>', '<np>the client<np> <vp>exist<vp>', '<np>the client<np> <vp>matches the verifier provided by the client<vp>', '<np>the client<np> <vp>provided by the client<vp>', '<np>the client<np> <vp>uses the existing object as the newly created object<vp>', '<np>the server<np> <vp>does not exist<vp>', '<np>the server<np> <vp>exist<vp>', '<np>the server<np> <vp>matches the verifier provided by the client<vp>', '<np>the server<np> <vp>provided by the client<vp>', '<np>the server<np> <vp>uses the existing object as the newly created object<vp>', '<np>the existing object<np> <vp>does not exist<vp>', '<np>the existing object<np> <vp>exist<vp>', '<np>the existing object<np> <vp>matches the verifier provided by the client<vp>', '<np>the existing object<np> <vp>provided by the client<vp>', '<np>the existing object<np> <vp>uses the existing object as the newly created object<vp>', '<np>the newly created object<np> <vp>does not exist<vp>', '<np>the newly created object<np> <vp>exist<vp>', '<np>the newly created object<np> <vp>matches the verifier provided by the client<vp>', '<np>the newly created object<np> <vp>provided by the client<vp>', '<np>the newly created object<np> <vp>uses the existing object as the newly created object<vp>']","{'SBAR': [If the object does not exist and the stored verifier matches the verifier provided by the client], 'S': [the object does not exist and the stored verifier matches the verifier provided by the client, the object does not exist, the stored verifier matches the verifier provided by the client], 'NP': [the object, the stored verifier, the verifier provided by the client, the verifier, the client, the server, the existing object, the newly created object], 'VP': [does not exist, exist, matches the verifier provided by the client, provided by the client, uses the existing object as the newly created object], 'PP': [by the client, as the newly created object], 'ADJP': [newly created]}"
11,"If the stored verifier does not match, then an error of NFS4ERR_EXIST is returned.","['What If the stored verifier does not match?', 'What then']","['<np>the stored verifier<np> <vp>returned<vp>', '<np>an error of NFS4ERR_EXIST<np> <vp>returned<vp>', '<np>an error<np> <vp>returned<vp>', '<np>NFS4ERR_EXIST<np> <vp>returned<vp>']","['<np>the stored verifier<np> <vp>does not match<vp>', '<np>the stored verifier<np> <vp>match<vp>', '<np>the stored verifier<np> <vp>is returned<vp>', '<np>an error of NFS4ERR_EXIST<np> <vp>does not match<vp>', '<np>an error of NFS4ERR_EXIST<np> <vp>match<vp>', '<np>an error of NFS4ERR_EXIST<np> <vp>is returned<vp>', '<np>an error<np> <vp>does not match<vp>', '<np>an error<np> <vp>match<vp>', '<np>an error<np> <vp>is returned<vp>', '<np>NFS4ERR_EXIST<np> <vp>does not match<vp>', '<np>NFS4ERR_EXIST<np> <vp>match<vp>', '<np>NFS4ERR_EXIST<np> <vp>is returned<vp>']","{'SBAR': [If the stored verifier does not match], 'S': [the stored verifier does not match], 'NP': [the stored verifier, an error of NFS4ERR_EXIST, an error, NFS4ERR_EXIST], 'VP': [does not match, match, is returned, returned], 'ADVP': [then], 'PP': [of NFS4ERR_EXIST]}"
12,"For the target directory, the server returns change_info4 information in cinfo.",[],[],[],"{'PP': [For the target directory, in cinfo], 'NP': [the target directory, the server, change_info4 information, cinfo], 'VP': [returns change_info4 information in cinfo]}"
13,"NFS4ERR_INVAL is returned if the reclaim is done at an inappropriate time, e.g., after DELEGPURGE has been done.","['What if the reclaim is done at an inappropriate time, e.g., after DELEGPURGE has been done?', 'What after DELEGPURGE has been done?', 'What e.g.']","['<np>NFS4ERR_INVAL<np> <vp>been done<vp>', '<np>the reclaim<np> <vp>been done<vp>', '<np>an inappropriate time<np> <vp>is done at an inappropriate time, e.g., after DELEGPURGE has been done<vp>', '<np>DELEGPURGE<np> <vp>is done at an inappropriate time, e.g., after DELEGPURGE has been done<vp>', '<np>DELEGPURGE<np> <vp>been done<vp>', '<np>an inappropriate time<np> <vp>returned if the reclaim is done at an inappropriate time, e.g., after DELEGPURGE has been done<vp>', '<np>an inappropriate time<np> <vp>been done<vp>', '<np>DELEGPURGE<np> <vp>is returned if the reclaim is done at an inappropriate time, e.g., after DELEGPURGE has been done<vp>']","['<np>NFS4ERR_INVAL<np> <vp>is returned if the reclaim is done at an inappropriate time, e.g., after DELEGPURGE has been done<vp>', '<np>NFS4ERR_INVAL<np> <vp>returned if the reclaim is done at an inappropriate time, e.g., after DELEGPURGE has been done<vp>', '<np>NFS4ERR_INVAL<np> <vp>is done at an inappropriate time, e.g., after DELEGPURGE has been done<vp>', '<np>NFS4ERR_INVAL<np> <vp>done at an inappropriate time, e.g., after DELEGPURGE has been done<vp>', '<np>NFS4ERR_INVAL<np> <vp>has been done<vp>', '<np>NFS4ERR_INVAL<np> <vp>done<vp>', '<np>the reclaim<np> <vp>is returned if the reclaim is done at an inappropriate time, e.g., after DELEGPURGE has been done<vp>', '<np>the reclaim<np> <vp>returned if the reclaim is done at an inappropriate time, e.g., after DELEGPURGE has been done<vp>', '<np>the reclaim<np> <vp>is done at an inappropriate time, e.g., after DELEGPURGE has been done<vp>', '<np>the reclaim<np> <vp>done at an inappropriate time, e.g., after DELEGPURGE has been done<vp>', '<np>the reclaim<np> <vp>has been done<vp>', '<np>the reclaim<np> <vp>done<vp>', '<np>an inappropriate time<np> <vp>is returned if the reclaim is done at an inappropriate time, e.g., after DELEGPURGE has been done<vp>', '<np>an inappropriate time<np> <vp>done at an inappropriate time, e.g., after DELEGPURGE has been done<vp>', '<np>an inappropriate time<np> <vp>has been done<vp>', '<np>an inappropriate time<np> <vp>done<vp>', '<np>DELEGPURGE<np> <vp>returned if the reclaim is done at an inappropriate time, e.g., after DELEGPURGE has been done<vp>', '<np>DELEGPURGE<np> <vp>done at an inappropriate time, e.g., after DELEGPURGE has been done<vp>', '<np>DELEGPURGE<np> <vp>has been done<vp>', '<np>DELEGPURGE<np> <vp>done<vp>', '<np>NFS4ERR_INVAL<np> <vp>is returned if the reclaim is done at an inappropriate time, e.g., after DELEGPURGE has been done<vp>', '<np>NFS4ERR_INVAL<np> <vp>returned if the reclaim is done at an inappropriate time, e.g., after DELEGPURGE has been done<vp>', '<np>NFS4ERR_INVAL<np> <vp>is done at an inappropriate time, e.g., after DELEGPURGE has been done<vp>', '<np>NFS4ERR_INVAL<np> <vp>done at an inappropriate time, e.g., after DELEGPURGE has been done<vp>', '<np>NFS4ERR_INVAL<np> <vp>has been done<vp>', '<np>NFS4ERR_INVAL<np> <vp>done<vp>', '<np>the reclaim<np> <vp>is returned if the reclaim is done at an inappropriate time, e.g., after DELEGPURGE has been done<vp>', '<np>the reclaim<np> <vp>returned if the reclaim is done at an inappropriate time, e.g., after DELEGPURGE has been done<vp>', '<np>the reclaim<np> <vp>is done at an inappropriate time, e.g., after DELEGPURGE has been done<vp>', '<np>the reclaim<np> <vp>done at an inappropriate time, e.g., after DELEGPURGE has been done<vp>', '<np>the reclaim<np> <vp>has been done<vp>', '<np>the reclaim<np> <vp>done<vp>', '<np>an inappropriate time<np> <vp>is returned if the reclaim is done at an inappropriate time, e.g., after DELEGPURGE has been done<vp>', '<np>an inappropriate time<np> <vp>done at an inappropriate time, e.g., after DELEGPURGE has been done<vp>', '<np>an inappropriate time<np> <vp>has been done<vp>', '<np>an inappropriate time<np> <vp>done<vp>', '<np>DELEGPURGE<np> <vp>returned if the reclaim is done at an inappropriate time, e.g., after DELEGPURGE has been done<vp>', '<np>DELEGPURGE<np> <vp>done at an inappropriate time, e.g., after DELEGPURGE has been done<vp>', '<np>DELEGPURGE<np> <vp>has been done<vp>', '<np>DELEGPURGE<np> <vp>done<vp>']","{'NP': [NFS4ERR_INVAL, the reclaim, an inappropriate time, DELEGPURGE], 'VP': [is returned if the reclaim is done at an inappropriate time, e.g., after DELEGPURGE has been done, returned if the reclaim is done at an inappropriate time, e.g., after DELEGPURGE has been done, is done at an inappropriate time, e.g., after DELEGPURGE has been done, done at an inappropriate time, e.g., after DELEGPURGE has been done, has been done, been done, done], 'SBAR': [if the reclaim is done at an inappropriate time, e.g., after DELEGPURGE has been done, after DELEGPURGE has been done], 'S': [the reclaim is done at an inappropriate time, e.g., after DELEGPURGE has been done, DELEGPURGE has been done], 'PP': [at an inappropriate time], 'ADVP': [e.g.]}"
14,NFS4ERR_BAD_RECLAIM is returned if the other error conditions do not apply and the server has no record of the delegation whose reclaim is being attempted.,"['What if the other error conditions do not apply and the server has no record of the delegation whose reclaim is being attempted?', 'What whose reclaim is being attempted?']","['<np>no record<np> <vp>being attempted<vp>', '<np>NFS4ERR_BAD_RECLAIM<np> <vp>returned if the other error conditions do not apply and the server has no record of the delegation whose reclaim is being attempted<vp>', '<np>the other error conditions<np> <vp>has no record of the delegation whose reclaim is being attempted<vp>', '<np>the delegation whose reclaim is being attempted<np> <vp>being attempted<vp>', '<np>the delegation whose reclaim is being attempted<np> <vp>returned if the other error conditions do not apply and the server has no record of the delegation whose reclaim is being attempted<vp>', '<np>the delegation whose reclaim is being attempted<np> <vp>has no record of the delegation whose reclaim is being attempted<vp>', '<np>no record<np> <vp>is returned if the other error conditions do not apply and the server has no record of the delegation whose reclaim is being attempted<vp>', '<np>NFS4ERR_BAD_RECLAIM<np> <vp>do not apply<vp>', '<np>the other error conditions<np> <vp>do not apply<vp>']","['<np>NFS4ERR_BAD_RECLAIM<np> <vp>is returned if the other error conditions do not apply and the server has no record of the delegation whose reclaim is being attempted<vp>', '<np>NFS4ERR_BAD_RECLAIM<np> <vp>apply<vp>', '<np>NFS4ERR_BAD_RECLAIM<np> <vp>has no record of the delegation whose reclaim is being attempted<vp>', '<np>NFS4ERR_BAD_RECLAIM<np> <vp>being attempted<vp>', '<np>NFS4ERR_BAD_RECLAIM<np> <vp>attempted<vp>', '<np>the other error conditions<np> <vp>is returned if the other error conditions do not apply and the server has no record of the delegation whose reclaim is being attempted<vp>', '<np>the other error conditions<np> <vp>returned if the other error conditions do not apply and the server has no record of the delegation whose reclaim is being attempted<vp>', '<np>the other error conditions<np> <vp>apply<vp>', '<np>the other error conditions<np> <vp>being attempted<vp>', '<np>the other error conditions<np> <vp>attempted<vp>', '<np>the server<np> <vp>is returned if the other error conditions do not apply and the server has no record of the delegation whose reclaim is being attempted<vp>', '<np>the server<np> <vp>returned if the other error conditions do not apply and the server has no record of the delegation whose reclaim is being attempted<vp>', '<np>the server<np> <vp>do not apply<vp>', '<np>the server<np> <vp>apply<vp>', '<np>the server<np> <vp>has no record of the delegation whose reclaim is being attempted<vp>', '<np>the server<np> <vp>being attempted<vp>', '<np>the server<np> <vp>attempted<vp>', '<np>no record of the delegation whose reclaim is being attempted<np> <vp>is returned if the other error conditions do not apply and the server has no record of the delegation whose reclaim is being attempted<vp>', '<np>no record of the delegation whose reclaim is being attempted<np> <vp>returned if the other error conditions do not apply and the server has no record of the delegation whose reclaim is being attempted<vp>', '<np>no record of the delegation whose reclaim is being attempted<np> <vp>do not apply<vp>', '<np>no record of the delegation whose reclaim is being attempted<np> <vp>apply<vp>', '<np>no record of the delegation whose reclaim is being attempted<np> <vp>has no record of the delegation whose reclaim is being attempted<vp>', '<np>no record of the delegation whose reclaim is being attempted<np> <vp>being attempted<vp>', '<np>no record of the delegation whose reclaim is being attempted<np> <vp>attempted<vp>', '<np>no record<np> <vp>returned if the other error conditions do not apply and the server has no record of the delegation whose reclaim is being attempted<vp>', '<np>no record<np> <vp>do not apply<vp>', '<np>no record<np> <vp>apply<vp>', '<np>no record<np> <vp>has no record of the delegation whose reclaim is being attempted<vp>', '<np>no record<np> <vp>attempted<vp>', '<np>the delegation whose reclaim is being attempted<np> <vp>is returned if the other error conditions do not apply and the server has no record of the delegation whose reclaim is being attempted<vp>', '<np>the delegation whose reclaim is being attempted<np> <vp>do not apply<vp>', '<np>the delegation whose reclaim is being attempted<np> <vp>apply<vp>', '<np>the delegation whose reclaim is being attempted<np> <vp>attempted<vp>', '<np>the delegation<np> <vp>is returned if the other error conditions do not apply and the server has no record of the delegation whose reclaim is being attempted<vp>', '<np>the delegation<np> <vp>returned if the other error conditions do not apply and the server has no record of the delegation whose reclaim is being attempted<vp>', '<np>the delegation<np> <vp>do not apply<vp>', '<np>the delegation<np> <vp>apply<vp>', '<np>the delegation<np> <vp>has no record of the delegation whose reclaim is being attempted<vp>', '<np>the delegation<np> <vp>being attempted<vp>', '<np>the delegation<np> <vp>attempted<vp>', '<np>NFS4ERR_BAD_RECLAIM<np> <vp>is returned if the other error conditions do not apply and the server has no record of the delegation whose reclaim is being attempted<vp>', '<np>NFS4ERR_BAD_RECLAIM<np> <vp>apply<vp>', '<np>NFS4ERR_BAD_RECLAIM<np> <vp>has no record of the delegation whose reclaim is being attempted<vp>', '<np>NFS4ERR_BAD_RECLAIM<np> <vp>being attempted<vp>', '<np>NFS4ERR_BAD_RECLAIM<np> <vp>attempted<vp>', '<np>the other error conditions<np> <vp>is returned if the other error conditions do not apply and the server has no record of the delegation whose reclaim is being attempted<vp>', '<np>the other error conditions<np> <vp>returned if the other error conditions do not apply and the server has no record of the delegation whose reclaim is being attempted<vp>', '<np>the other error conditions<np> <vp>apply<vp>', '<np>the other error conditions<np> <vp>being attempted<vp>', '<np>the other error conditions<np> <vp>attempted<vp>', '<np>the server<np> <vp>is returned if the other error conditions do not apply and the server has no record of the delegation whose reclaim is being attempted<vp>', '<np>the server<np> <vp>returned if the other error conditions do not apply and the server has no record of the delegation whose reclaim is being attempted<vp>', '<np>the server<np> <vp>do not apply<vp>', '<np>the server<np> <vp>apply<vp>', '<np>the server<np> <vp>has no record of the delegation whose reclaim is being attempted<vp>', '<np>the server<np> <vp>being attempted<vp>', '<np>the server<np> <vp>attempted<vp>', '<np>no record of the delegation whose reclaim is being attempted<np> <vp>is returned if the other error conditions do not apply and the server has no record of the delegation whose reclaim is being attempted<vp>', '<np>no record of the delegation whose reclaim is being attempted<np> <vp>returned if the other error conditions do not apply and the server has no record of the delegation whose reclaim is being attempted<vp>', '<np>no record of the delegation whose reclaim is being attempted<np> <vp>do not apply<vp>', '<np>no record of the delegation whose reclaim is being attempted<np> <vp>apply<vp>', '<np>no record of the delegation whose reclaim is being attempted<np> <vp>has no record of the delegation whose reclaim is being attempted<vp>', '<np>no record of the delegation whose reclaim is being attempted<np> <vp>being attempted<vp>', '<np>no record of the delegation whose reclaim is being attempted<np> <vp>attempted<vp>', '<np>no record<np> <vp>returned if the other error conditions do not apply and the server has no record of the delegation whose reclaim is being attempted<vp>', '<np>no record<np> <vp>do not apply<vp>', '<np>no record<np> <vp>apply<vp>', '<np>no record<np> <vp>has no record of the delegation whose reclaim is being attempted<vp>', '<np>no record<np> <vp>attempted<vp>', '<np>the delegation whose reclaim is being attempted<np> <vp>is returned if the other error conditions do not apply and the server has no record of the delegation whose reclaim is being attempted<vp>', '<np>the delegation whose reclaim is being attempted<np> <vp>do not apply<vp>', '<np>the delegation whose reclaim is being attempted<np> <vp>apply<vp>', '<np>the delegation whose reclaim is being attempted<np> <vp>attempted<vp>', '<np>the delegation<np> <vp>is returned if the other error conditions do not apply and the server has no record of the delegation whose reclaim is being attempted<vp>', '<np>the delegation<np> <vp>returned if the other error conditions do not apply and the server has no record of the delegation whose reclaim is being attempted<vp>', '<np>the delegation<np> <vp>do not apply<vp>', '<np>the delegation<np> <vp>apply<vp>', '<np>the delegation<np> <vp>has no record of the delegation whose reclaim is being attempted<vp>', '<np>the delegation<np> <vp>being attempted<vp>', '<np>the delegation<np> <vp>attempted<vp>']","{'NP': [NFS4ERR_BAD_RECLAIM, the other error conditions, the server, no record of the delegation whose reclaim is being attempted, no record, the delegation whose reclaim is being attempted, the delegation], 'VP': [is returned if the other error conditions do not apply and the server has no record of the delegation whose reclaim is being attempted, returned if the other error conditions do not apply and the server has no record of the delegation whose reclaim is being attempted, do not apply, apply, has no record of the delegation whose reclaim is being attempted, being attempted, attempted], 'SBAR': [if the other error conditions do not apply and the server has no record of the delegation whose reclaim is being attempted, whose reclaim is being attempted], 'S': [the other error conditions do not apply and the server has no record of the delegation whose reclaim is being attempted, the other error conditions do not apply, the server has no record of the delegation whose reclaim is being attempted, is being attempted], 'PP': [of the delegation whose reclaim is being attempted], 'WHNP': [whose reclaim]}"
15,"If the underlying file system at the server is only accessible in a read-only mode and the OPEN request has specified OPEN4_SHARE_ACCESS_WRITE or OPEN4_SHARE_ACCESS_BOTH, the server will return NFS4ERR_ROFS to indicate a read-only file system,",['What If the underlying file system at the server is only accessible in a read-only mode and the OPEN request has specified OPEN4_SHARE_ACCESS_WRITE or OPEN4_SHARE_ACCESS_BOTH?'],"['<np>the underlying file system<np> <vp>return NFS4ERR_ROFS to indicate a read-only file system<vp>', '<np>the server<np> <vp>is only accessible in a read-only mode<vp>', '<np>the server<np> <vp>has specified OPEN4_SHARE_ACCESS_WRITE or OPEN4_SHARE_ACCESS_BOTH<vp>', '<np>the server<np> <vp>will return NFS4ERR_ROFS to indicate a read-only file system<vp>', '<np>the server<np> <vp>indicate a read-only file system<vp>', '<np>OPEN4_SHARE_ACCESS_WRITE or OPEN4_SHARE_ACCESS_BOTH<np> <vp>return NFS4ERR_ROFS to indicate a read-only file system<vp>', '<np>OPEN4_SHARE_ACCESS_WRITE<np> <vp>has specified OPEN4_SHARE_ACCESS_WRITE or OPEN4_SHARE_ACCESS_BOTH<vp>', '<np>OPEN4_SHARE_ACCESS_WRITE<np> <vp>will return NFS4ERR_ROFS to indicate a read-only file system<vp>']","['<np>the underlying file system at the server<np> <vp>is only accessible in a read-only mode<vp>', '<np>the underlying file system at the server<np> <vp>has specified OPEN4_SHARE_ACCESS_WRITE or OPEN4_SHARE_ACCESS_BOTH<vp>', '<np>the underlying file system at the server<np> <vp>specified OPEN4_SHARE_ACCESS_WRITE or OPEN4_SHARE_ACCESS_BOTH<vp>', '<np>the underlying file system at the server<np> <vp>will return NFS4ERR_ROFS to indicate a read-only file system<vp>', '<np>the underlying file system at the server<np> <vp>return NFS4ERR_ROFS to indicate a read-only file system<vp>', '<np>the underlying file system at the server<np> <vp>indicate a read-only file system<vp>', '<np>the underlying file system<np> <vp>is only accessible in a read-only mode<vp>', '<np>the underlying file system<np> <vp>has specified OPEN4_SHARE_ACCESS_WRITE or OPEN4_SHARE_ACCESS_BOTH<vp>', '<np>the underlying file system<np> <vp>specified OPEN4_SHARE_ACCESS_WRITE or OPEN4_SHARE_ACCESS_BOTH<vp>', '<np>the underlying file system<np> <vp>will return NFS4ERR_ROFS to indicate a read-only file system<vp>', '<np>the underlying file system<np> <vp>indicate a read-only file system<vp>', '<np>the server<np> <vp>specified OPEN4_SHARE_ACCESS_WRITE or OPEN4_SHARE_ACCESS_BOTH<vp>', '<np>the server<np> <vp>return NFS4ERR_ROFS to indicate a read-only file system<vp>', '<np>a read-only mode<np> <vp>is only accessible in a read-only mode<vp>', '<np>a read-only mode<np> <vp>has specified OPEN4_SHARE_ACCESS_WRITE or OPEN4_SHARE_ACCESS_BOTH<vp>', '<np>a read-only mode<np> <vp>specified OPEN4_SHARE_ACCESS_WRITE or OPEN4_SHARE_ACCESS_BOTH<vp>', '<np>a read-only mode<np> <vp>will return NFS4ERR_ROFS to indicate a read-only file system<vp>', '<np>a read-only mode<np> <vp>return NFS4ERR_ROFS to indicate a read-only file system<vp>', '<np>a read-only mode<np> <vp>indicate a read-only file system<vp>', '<np>the OPEN request<np> <vp>is only accessible in a read-only mode<vp>', '<np>the OPEN request<np> <vp>has specified OPEN4_SHARE_ACCESS_WRITE or OPEN4_SHARE_ACCESS_BOTH<vp>', '<np>the OPEN request<np> <vp>specified OPEN4_SHARE_ACCESS_WRITE or OPEN4_SHARE_ACCESS_BOTH<vp>', '<np>the OPEN request<np> <vp>will return NFS4ERR_ROFS to indicate a read-only file system<vp>', '<np>the OPEN request<np> <vp>return NFS4ERR_ROFS to indicate a read-only file system<vp>', '<np>the OPEN request<np> <vp>indicate a read-only file system<vp>', '<np>OPEN4_SHARE_ACCESS_WRITE or OPEN4_SHARE_ACCESS_BOTH<np> <vp>is only accessible in a read-only mode<vp>', '<np>OPEN4_SHARE_ACCESS_WRITE or OPEN4_SHARE_ACCESS_BOTH<np> <vp>has specified OPEN4_SHARE_ACCESS_WRITE or OPEN4_SHARE_ACCESS_BOTH<vp>', '<np>OPEN4_SHARE_ACCESS_WRITE or OPEN4_SHARE_ACCESS_BOTH<np> <vp>specified OPEN4_SHARE_ACCESS_WRITE or OPEN4_SHARE_ACCESS_BOTH<vp>', '<np>OPEN4_SHARE_ACCESS_WRITE or OPEN4_SHARE_ACCESS_BOTH<np> <vp>will return NFS4ERR_ROFS to indicate a read-only file system<vp>', '<np>OPEN4_SHARE_ACCESS_WRITE or OPEN4_SHARE_ACCESS_BOTH<np> <vp>indicate a read-only file system<vp>', '<np>OPEN4_SHARE_ACCESS_WRITE<np> <vp>is only accessible in a read-only mode<vp>', '<np>OPEN4_SHARE_ACCESS_WRITE<np> <vp>specified OPEN4_SHARE_ACCESS_WRITE or OPEN4_SHARE_ACCESS_BOTH<vp>', '<np>OPEN4_SHARE_ACCESS_WRITE<np> <vp>return NFS4ERR_ROFS to indicate a read-only file system<vp>', '<np>OPEN4_SHARE_ACCESS_WRITE<np> <vp>indicate a read-only file system<vp>', '<np>OPEN4_SHARE_ACCESS_BOTH<np> <vp>is only accessible in a read-only mode<vp>', '<np>OPEN4_SHARE_ACCESS_BOTH<np> <vp>has specified OPEN4_SHARE_ACCESS_WRITE or OPEN4_SHARE_ACCESS_BOTH<vp>', '<np>OPEN4_SHARE_ACCESS_BOTH<np> <vp>specified OPEN4_SHARE_ACCESS_WRITE or OPEN4_SHARE_ACCESS_BOTH<vp>', '<np>OPEN4_SHARE_ACCESS_BOTH<np> <vp>will return NFS4ERR_ROFS to indicate a read-only file system<vp>', '<np>OPEN4_SHARE_ACCESS_BOTH<np> <vp>return NFS4ERR_ROFS to indicate a read-only file system<vp>', '<np>OPEN4_SHARE_ACCESS_BOTH<np> <vp>indicate a read-only file system<vp>', '<np>the server<np> <vp>specified OPEN4_SHARE_ACCESS_WRITE or OPEN4_SHARE_ACCESS_BOTH<vp>', '<np>the server<np> <vp>return NFS4ERR_ROFS to indicate a read-only file system<vp>', '<np>NFS4ERR_ROFS<np> <vp>is only accessible in a read-only mode<vp>', '<np>NFS4ERR_ROFS<np> <vp>has specified OPEN4_SHARE_ACCESS_WRITE or OPEN4_SHARE_ACCESS_BOTH<vp>', '<np>NFS4ERR_ROFS<np> <vp>specified OPEN4_SHARE_ACCESS_WRITE or OPEN4_SHARE_ACCESS_BOTH<vp>', '<np>NFS4ERR_ROFS<np> <vp>will return NFS4ERR_ROFS to indicate a read-only file system<vp>', '<np>NFS4ERR_ROFS<np> <vp>return NFS4ERR_ROFS to indicate a read-only file system<vp>', '<np>NFS4ERR_ROFS<np> <vp>indicate a read-only file system<vp>', '<np>a read-only file system<np> <vp>is only accessible in a read-only mode<vp>', '<np>a read-only file system<np> <vp>has specified OPEN4_SHARE_ACCESS_WRITE or OPEN4_SHARE_ACCESS_BOTH<vp>', '<np>a read-only file system<np> <vp>specified OPEN4_SHARE_ACCESS_WRITE or OPEN4_SHARE_ACCESS_BOTH<vp>', '<np>a read-only file system<np> <vp>will return NFS4ERR_ROFS to indicate a read-only file system<vp>', '<np>a read-only file system<np> <vp>return NFS4ERR_ROFS to indicate a read-only file system<vp>', '<np>a read-only file system<np> <vp>indicate a read-only file system<vp>']","{'SBAR': [If the underlying file system at the server is only accessible in a read-only mode and the OPEN request has specified OPEN4_SHARE_ACCESS_WRITE or OPEN4_SHARE_ACCESS_BOTH], 'S': [the underlying file system at the server is only accessible in a read-only mode and the OPEN request has specified OPEN4_SHARE_ACCESS_WRITE or OPEN4_SHARE_ACCESS_BOTH, the underlying file system at the server is only accessible in a read-only mode, the OPEN request has specified OPEN4_SHARE_ACCESS_WRITE or OPEN4_SHARE_ACCESS_BOTH, to indicate a read-only file system], 'NP': [the underlying file system at the server, the underlying file system, the server, a read-only mode, the OPEN request, OPEN4_SHARE_ACCESS_WRITE or OPEN4_SHARE_ACCESS_BOTH, OPEN4_SHARE_ACCESS_WRITE, OPEN4_SHARE_ACCESS_BOTH, the server, NFS4ERR_ROFS, a read-only file system], 'PP': [at the server, in a read-only mode], 'VP': [is only accessible in a read-only mode, has specified OPEN4_SHARE_ACCESS_WRITE or OPEN4_SHARE_ACCESS_BOTH, specified OPEN4_SHARE_ACCESS_WRITE or OPEN4_SHARE_ACCESS_BOTH, will return NFS4ERR_ROFS to indicate a read-only file system, return NFS4ERR_ROFS to indicate a read-only file system, indicate a read-only file system], 'ADJP': [read-only, read-only]}"
16,"If the object does not exist, the server creates the object and stores the verifier in a stable storage.",['What If the object does not exist?'],"['<np>the object<np> <vp>does not exist<vp>', '<np>the object<np> <vp>exist<vp>', '<np>the object<np> <vp>creates the object and stores the verifier in a stable storage<vp>', '<np>the object<np> <vp>creates the object<vp>', '<np>the object<np> <vp>stores the verifier in a stable storage<vp>']","['<np>the server<np> <vp>does not exist<vp>', '<np>the server<np> <vp>exist<vp>', '<np>the server<np> <vp>creates the object and stores the verifier in a stable storage<vp>', '<np>the server<np> <vp>creates the object<vp>', '<np>the server<np> <vp>stores the verifier in a stable storage<vp>', '<np>the verifier<np> <vp>does not exist<vp>', '<np>the verifier<np> <vp>exist<vp>', '<np>the verifier<np> <vp>creates the object and stores the verifier in a stable storage<vp>', '<np>the verifier<np> <vp>creates the object<vp>', '<np>the verifier<np> <vp>stores the verifier in a stable storage<vp>', '<np>a stable storage<np> <vp>does not exist<vp>', '<np>a stable storage<np> <vp>exist<vp>', '<np>a stable storage<np> <vp>creates the object and stores the verifier in a stable storage<vp>', '<np>a stable storage<np> <vp>creates the object<vp>', '<np>a stable storage<np> <vp>stores the verifier in a stable storage<vp>']","{'SBAR': [If the object does not exist], 'S': [the object does not exist], 'NP': [the object, the server, the object, the verifier, a stable storage], 'VP': [does not exist, exist, creates the object and stores the verifier in a stable storage, creates the object, stores the verifier in a stable storage], 'PP': [in a stable storage]}"
17,"If the stored verifier does not match, then an error of NFS4ERR_EXIST is returned.","['What If the stored verifier does not match?', 'What then']","['<np>the stored verifier<np> <vp>returned<vp>', '<np>an error of NFS4ERR_EXIST<np> <vp>returned<vp>', '<np>an error<np> <vp>returned<vp>', '<np>NFS4ERR_EXIST<np> <vp>returned<vp>']","['<np>the stored verifier<np> <vp>does not match<vp>', '<np>the stored verifier<np> <vp>match<vp>', '<np>the stored verifier<np> <vp>is returned<vp>', '<np>an error of NFS4ERR_EXIST<np> <vp>does not match<vp>', '<np>an error of NFS4ERR_EXIST<np> <vp>match<vp>', '<np>an error of NFS4ERR_EXIST<np> <vp>is returned<vp>', '<np>an error<np> <vp>does not match<vp>', '<np>an error<np> <vp>match<vp>', '<np>an error<np> <vp>is returned<vp>', '<np>NFS4ERR_EXIST<np> <vp>does not match<vp>', '<np>NFS4ERR_EXIST<np> <vp>match<vp>', '<np>NFS4ERR_EXIST<np> <vp>is returned<vp>']","{'SBAR': [If the stored verifier does not match], 'S': [the stored verifier does not match], 'NP': [the stored verifier, an error of NFS4ERR_EXIST, an error, NFS4ERR_EXIST], 'VP': [does not match, match, is returned, returned], 'ADVP': [then], 'PP': [of NFS4ERR_EXIST]}"
18,"If the server cannot support these exclusive create semantics, possibly because of the requirement to commit the verifier to stable storage, it should fail the OPEN request with the error NFS4ERR_NOTSUPP.","['What If the server cannot support these exclusive create semantics, possibly because of the requirement to commit the verifier to stable storage,?', 'What possibly']","['<np>the server<np> <vp>cannot support these exclusive create semantics, possibly because of the requirement to commit the verifier to stable storage,<vp>', '<np>the server<np> <vp>commit the verifier to stable storage<vp>', '<np>the server<np> <vp>should fail the OPEN request with the error NFS4ERR_NOTSUPP<vp>', '<np>the server<np> <vp>fail the OPEN request with the error NFS4ERR_NOTSUPP<vp>', '<np>the requirement to commit the verifier to stable storage<np> <vp>fail the OPEN request with the error NFS4ERR_NOTSUPP<vp>']","['<np>these exclusive create semantics<np> <vp>cannot support these exclusive create semantics, possibly because of the requirement to commit the verifier to stable storage,<vp>', '<np>these exclusive create semantics<np> <vp>commit the verifier to stable storage<vp>', '<np>these exclusive create semantics<np> <vp>should fail the OPEN request with the error NFS4ERR_NOTSUPP<vp>', '<np>these exclusive create semantics<np> <vp>fail the OPEN request with the error NFS4ERR_NOTSUPP<vp>', '<np>the requirement to commit the verifier to stable storage<np> <vp>cannot support these exclusive create semantics, possibly because of the requirement to commit the verifier to stable storage,<vp>', '<np>the requirement to commit the verifier to stable storage<np> <vp>commit the verifier to stable storage<vp>', '<np>the requirement to commit the verifier to stable storage<np> <vp>should fail the OPEN request with the error NFS4ERR_NOTSUPP<vp>', '<np>the verifier<np> <vp>cannot support these exclusive create semantics, possibly because of the requirement to commit the verifier to stable storage,<vp>', '<np>the verifier<np> <vp>commit the verifier to stable storage<vp>', '<np>the verifier<np> <vp>should fail the OPEN request with the error NFS4ERR_NOTSUPP<vp>', '<np>the verifier<np> <vp>fail the OPEN request with the error NFS4ERR_NOTSUPP<vp>', '<np>stable storage<np> <vp>cannot support these exclusive create semantics, possibly because of the requirement to commit the verifier to stable storage,<vp>', '<np>stable storage<np> <vp>commit the verifier to stable storage<vp>', '<np>stable storage<np> <vp>should fail the OPEN request with the error NFS4ERR_NOTSUPP<vp>', '<np>stable storage<np> <vp>fail the OPEN request with the error NFS4ERR_NOTSUPP<vp>', '<np>it<np> <vp>cannot support these exclusive create semantics, possibly because of the requirement to commit the verifier to stable storage,<vp>', '<np>it<np> <vp>commit the verifier to stable storage<vp>', '<np>it<np> <vp>should fail the OPEN request with the error NFS4ERR_NOTSUPP<vp>', '<np>it<np> <vp>fail the OPEN request with the error NFS4ERR_NOTSUPP<vp>', '<np>the OPEN request<np> <vp>cannot support these exclusive create semantics, possibly because of the requirement to commit the verifier to stable storage,<vp>', '<np>the OPEN request<np> <vp>commit the verifier to stable storage<vp>', '<np>the OPEN request<np> <vp>should fail the OPEN request with the error NFS4ERR_NOTSUPP<vp>', '<np>the OPEN request<np> <vp>fail the OPEN request with the error NFS4ERR_NOTSUPP<vp>', '<np>the error NFS4ERR_NOTSUPP<np> <vp>cannot support these exclusive create semantics, possibly because of the requirement to commit the verifier to stable storage,<vp>', '<np>the error NFS4ERR_NOTSUPP<np> <vp>commit the verifier to stable storage<vp>', '<np>the error NFS4ERR_NOTSUPP<np> <vp>should fail the OPEN request with the error NFS4ERR_NOTSUPP<vp>', '<np>the error NFS4ERR_NOTSUPP<np> <vp>fail the OPEN request with the error NFS4ERR_NOTSUPP<vp>', '<np>the error<np> <vp>cannot support these exclusive create semantics, possibly because of the requirement to commit the verifier to stable storage,<vp>', '<np>the error<np> <vp>commit the verifier to stable storage<vp>', '<np>the error<np> <vp>should fail the OPEN request with the error NFS4ERR_NOTSUPP<vp>', '<np>the error<np> <vp>fail the OPEN request with the error NFS4ERR_NOTSUPP<vp>', '<np>NFS4ERR_NOTSUPP<np> <vp>cannot support these exclusive create semantics, possibly because of the requirement to commit the verifier to stable storage,<vp>', '<np>NFS4ERR_NOTSUPP<np> <vp>commit the verifier to stable storage<vp>', '<np>NFS4ERR_NOTSUPP<np> <vp>should fail the OPEN request with the error NFS4ERR_NOTSUPP<vp>', '<np>NFS4ERR_NOTSUPP<np> <vp>fail the OPEN request with the error NFS4ERR_NOTSUPP<vp>']","{'SBAR': [If the server cannot support these exclusive create semantics, possibly because of the requirement to commit the verifier to stable storage,], 'S': [the server cannot support these exclusive create semantics, possibly because of the requirement to commit the verifier to stable storage,, to commit the verifier to stable storage], 'NP': [the server, these exclusive create semantics, the requirement to commit the verifier to stable storage, the verifier, stable storage, it, the OPEN request, the error NFS4ERR_NOTSUPP, the error, NFS4ERR_NOTSUPP], 'VP': [cannot support these exclusive create semantics, possibly because of the requirement to commit the verifier to stable storage,, commit the verifier to stable storage, should fail the OPEN request with the error NFS4ERR_NOTSUPP, fail the OPEN request with the error NFS4ERR_NOTSUPP], 'PP': [possibly because of the requirement to commit the verifier to stable storage, to stable storage, with the error NFS4ERR_NOTSUPP], 'ADVP': [possibly]}"
19,"If the verifier do not match, the request is rejected with the status NFS4ERR_EXIST.",['What If the verifier do not match?'],"['<np>the request<np> <vp>rejected with the status NFS4ERR_EXIST<vp>', '<np>the status NFS4ERR_EXIST<np> <vp>is rejected with the status NFS4ERR_EXIST<vp>', '<np>the status<np> <vp>do not match<vp>', '<np>the status<np> <vp>match<vp>']","['<np>the verifier<np> <vp>do not match<vp>', '<np>the verifier<np> <vp>match<vp>', '<np>the verifier<np> <vp>is rejected with the status NFS4ERR_EXIST<vp>', '<np>the verifier<np> <vp>rejected with the status NFS4ERR_EXIST<vp>', '<np>the request<np> <vp>do not match<vp>', '<np>the request<np> <vp>match<vp>', '<np>the request<np> <vp>is rejected with the status NFS4ERR_EXIST<vp>', '<np>the status NFS4ERR_EXIST<np> <vp>do not match<vp>', '<np>the status NFS4ERR_EXIST<np> <vp>match<vp>', '<np>the status NFS4ERR_EXIST<np> <vp>rejected with the status NFS4ERR_EXIST<vp>', '<np>the status<np> <vp>is rejected with the status NFS4ERR_EXIST<vp>', '<np>the status<np> <vp>rejected with the status NFS4ERR_EXIST<vp>', '<np>NFS4ERR_EXIST<np> <vp>do not match<vp>', '<np>NFS4ERR_EXIST<np> <vp>match<vp>', '<np>NFS4ERR_EXIST<np> <vp>is rejected with the status NFS4ERR_EXIST<vp>', '<np>NFS4ERR_EXIST<np> <vp>rejected with the status NFS4ERR_EXIST<vp>']","{'SBAR': [If the verifier do not match], 'S': [the verifier do not match], 'NP': [the verifier, the request, the status NFS4ERR_EXIST, the status, NFS4ERR_EXIST], 'VP': [do not match, match, is rejected with the status NFS4ERR_EXIST, rejected with the status NFS4ERR_EXIST], 'PP': [with the status NFS4ERR_EXIST]}"
20,"If the requester is not authorized to READ or WRITE(depending on the share_access value), the server must return NFS4ERR_ACCESS.",['What If the requester is not authorized to READ or WRITE(depending on the share_access value)?'],"['<np>the requester<np> <vp>is not authorized to READ or WRITE(depending on the share_access value)<vp>', '<np>the requester<np> <vp>READ or WRITE(depending on the share_access value)<vp>', '<np>the requester<np> <vp>must return NFS4ERR_ACCESS<vp>']","['<np>the requester<np> <vp>authorized to READ or WRITE(depending on the share_access value)<vp>', '<np>the requester<np> <vp>return NFS4ERR_ACCESS<vp>', '<np>the share_access value<np> <vp>is not authorized to READ or WRITE(depending on the share_access value)<vp>', '<np>the share_access value<np> <vp>authorized to READ or WRITE(depending on the share_access value)<vp>', '<np>the share_access value<np> <vp>READ or WRITE(depending on the share_access value)<vp>', '<np>the share_access value<np> <vp>must return NFS4ERR_ACCESS<vp>', '<np>the share_access value<np> <vp>return NFS4ERR_ACCESS<vp>', '<np>the server<np> <vp>is not authorized to READ or WRITE(depending on the share_access value)<vp>', '<np>the server<np> <vp>authorized to READ or WRITE(depending on the share_access value)<vp>', '<np>the server<np> <vp>READ or WRITE(depending on the share_access value)<vp>', '<np>the server<np> <vp>must return NFS4ERR_ACCESS<vp>', '<np>the server<np> <vp>return NFS4ERR_ACCESS<vp>', '<np>NFS4ERR_ACCESS<np> <vp>is not authorized to READ or WRITE(depending on the share_access value)<vp>', '<np>NFS4ERR_ACCESS<np> <vp>authorized to READ or WRITE(depending on the share_access value)<vp>', '<np>NFS4ERR_ACCESS<np> <vp>READ or WRITE(depending on the share_access value)<vp>', '<np>NFS4ERR_ACCESS<np> <vp>must return NFS4ERR_ACCESS<vp>', '<np>NFS4ERR_ACCESS<np> <vp>return NFS4ERR_ACCESS<vp>']","{'SBAR': [If the requester is not authorized to READ or WRITE(depending on the share_access value)], 'S': [the requester is not authorized to READ or WRITE(depending on the share_access value)], 'NP': [the requester, the share_access value, the server, NFS4ERR_ACCESS], 'VP': [is not authorized to READ or WRITE(depending on the share_access value), authorized to READ or WRITE(depending on the share_access value), READ or WRITE(depending on the share_access value), must return NFS4ERR_ACCESS, return NFS4ERR_ACCESS], 'PP': [on the share_access value]}"
21,"If the component provided to OPEN resolves to something other than a regular file (or a named attribute), an error will be returned to the client.",['What If the component provided to OPEN resolves to something other than a regular file (or a named attribute)?'],"['<np>the component provided to OPEN<np> <vp>be returned to the client<vp>', '<np>something other than a regular file (or a named attribute)<np> <vp>be returned to the client<vp>', '<np>a regular file (or a named attribute)<np> <vp>resolves to something other than a regular file (or a named attribute)<vp>', '<np>a regular file (or a named attribute)<np> <vp>be returned to the client<vp>', '<np>an error<np> <vp>will be returned to the client<vp>', '<np>the client<np> <vp>provided to OPEN<vp>', '<np>the client<np> <vp>resolves to something other than a regular file (or a named attribute)<vp>', '<np>the client<np> <vp>be returned to the client<vp>']","['<np>the component provided to OPEN<np> <vp>provided to OPEN<vp>', '<np>the component provided to OPEN<np> <vp>resolves to something other than a regular file (or a named attribute)<vp>', '<np>the component provided to OPEN<np> <vp>will be returned to the client<vp>', '<np>the component provided to OPEN<np> <vp>returned to the client<vp>', '<np>the component<np> <vp>provided to OPEN<vp>', '<np>the component<np> <vp>resolves to something other than a regular file (or a named attribute)<vp>', '<np>the component<np> <vp>will be returned to the client<vp>', '<np>the component<np> <vp>be returned to the client<vp>', '<np>the component<np> <vp>returned to the client<vp>', '<np>OPEN<np> <vp>provided to OPEN<vp>', '<np>OPEN<np> <vp>resolves to something other than a regular file (or a named attribute)<vp>', '<np>OPEN<np> <vp>will be returned to the client<vp>', '<np>OPEN<np> <vp>be returned to the client<vp>', '<np>OPEN<np> <vp>returned to the client<vp>', '<np>something other than a regular file (or a named attribute)<np> <vp>provided to OPEN<vp>', '<np>something other than a regular file (or a named attribute)<np> <vp>resolves to something other than a regular file (or a named attribute)<vp>', '<np>something other than a regular file (or a named attribute)<np> <vp>will be returned to the client<vp>', '<np>something other than a regular file (or a named attribute)<np> <vp>returned to the client<vp>', '<np>something<np> <vp>provided to OPEN<vp>', '<np>something<np> <vp>resolves to something other than a regular file (or a named attribute)<vp>', '<np>something<np> <vp>will be returned to the client<vp>', '<np>something<np> <vp>be returned to the client<vp>', '<np>something<np> <vp>returned to the client<vp>', '<np>a regular file (or a named attribute)<np> <vp>provided to OPEN<vp>', '<np>a regular file (or a named attribute)<np> <vp>will be returned to the client<vp>', '<np>a regular file (or a named attribute)<np> <vp>returned to the client<vp>', '<np>a regular file<np> <vp>provided to OPEN<vp>', '<np>a regular file<np> <vp>resolves to something other than a regular file (or a named attribute)<vp>', '<np>a regular file<np> <vp>will be returned to the client<vp>', '<np>a regular file<np> <vp>be returned to the client<vp>', '<np>a regular file<np> <vp>returned to the client<vp>', '<np>a named attribute<np> <vp>provided to OPEN<vp>', '<np>a named attribute<np> <vp>resolves to something other than a regular file (or a named attribute)<vp>', '<np>a named attribute<np> <vp>will be returned to the client<vp>', '<np>a named attribute<np> <vp>be returned to the client<vp>', '<np>a named attribute<np> <vp>returned to the client<vp>', '<np>an error<np> <vp>provided to OPEN<vp>', '<np>an error<np> <vp>resolves to something other than a regular file (or a named attribute)<vp>', '<np>an error<np> <vp>be returned to the client<vp>', '<np>an error<np> <vp>returned to the client<vp>', '<np>the client<np> <vp>will be returned to the client<vp>', '<np>the client<np> <vp>returned to the client<vp>']","{'SBAR': [If the component provided to OPEN resolves to something other than a regular file (or a named attribute)], 'S': [the component provided to OPEN resolves to something other than a regular file (or a named attribute)], 'NP': [the component provided to OPEN, the component, OPEN, something other than a regular file (or a named attribute), something, a regular file (or a named attribute), a regular file, a named attribute, an error, the client], 'VP': [provided to OPEN, resolves to something other than a regular file (or a named attribute), will be returned to the client, be returned to the client, returned to the client], 'PP': [to OPEN, to something other than a regular file (or a named attribute), than a regular file (or a named attribute), to the client], 'ADJP': [other than a regular file (or a named attribute)]}"
22,"If it is a directory, NFS4ERR_ISDIR is returned; otherwise, NFS4ERR_SYMLINK is returned.","['What If it is a directory?', 'What otherwise']","['<np>it<np> <vp>is returned<vp>', '<np>a directory<np> <vp>is returned<vp>', '<np>NFS4ERR_ISDIR<np> <vp>is returned<vp>', '<np>NFS4ERR_SYMLINK<np> <vp>is returned<vp>']","['<np>it<np> <vp>is a directory<vp>', '<np>it<np> <vp>returned<vp>', '<np>it<np> <vp>returned<vp>', '<np>a directory<np> <vp>is a directory<vp>', '<np>a directory<np> <vp>returned<vp>', '<np>a directory<np> <vp>returned<vp>', '<np>NFS4ERR_ISDIR<np> <vp>is a directory<vp>', '<np>NFS4ERR_ISDIR<np> <vp>returned<vp>', '<np>NFS4ERR_ISDIR<np> <vp>returned<vp>', '<np>NFS4ERR_SYMLINK<np> <vp>is a directory<vp>', '<np>NFS4ERR_SYMLINK<np> <vp>returned<vp>', '<np>NFS4ERR_SYMLINK<np> <vp>returned<vp>']","{'S': [If it is a directory, NFS4ERR_ISDIR is returned, it is a directory, otherwise, NFS4ERR_SYMLINK is returned], 'SBAR': [If it is a directory], 'NP': [it, a directory, NFS4ERR_ISDIR, NFS4ERR_SYMLINK], 'VP': [is a directory, is returned, returned, is returned, returned], 'ADVP': [otherwise]}"
